n,optimised_sec,naive_sec
100,0.00025334199744975194,0.00019283199799247086
500,0.005012769001041306,0.0048051839985419065
1000,0.02101636299994425,0.026335987997299526
2000,0.07608391500252765,0.10103976600294118
4000,0.2889971479999076,0.4656657710002037
