n,greedy_sec,brute_force_sec
100,3.2624000596115366e-05,0.00040584299858892336
500,0.00016027400124585256,0.015892190000158735
1000,0.00044176599840284325,0.048419245002151
2000,0.000656975000310922,0.19383357200058526
