workers,time_sec,speedup
1,0.6315491759996803,1.0
2,1.2566246959995624,0.5025758112268551
4,0.9479509140001028,0.6662256100737425
8,0.9658636020012636,0.653869940528988
