density,n,edges,dijkstra_sec,prim_sec,bellman_ford_sec
sparse,50,99,5.34290011273697e-05,6.338099774438888e-05,0.00010638900130288675
dense,50,625,0.0001325410048593767,0.00018000699492404237,0.0006555639993166551
sparse,100,199,0.00010078599734697491,0.00020468499860726297,0.0004116199997952208
dense,100,2500,0.00034597500052768737,0.0006519199960166588,0.002380787002039142
sparse,200,399,0.00019274700025562197,0.00027658199542202055,0.0004409930043038912
dense,200,10000,0.0009484409965807572,0.002366175001952797,0.011674911002046429
